Service Name,Tagline
Signature Private Dining,"A three-course culinary experience, crafted and served in the comfort of home."
Premium Meal Delivery,"Custom chef-prepared meals delivered to your door, tailored to your lifestyle."
Chef-Guided Culinary Workshops,"Learn from a private chef with personalized, hands-on instruction."
Craft Mixology,House-crafted cocktails that pair perfectly with your menu and mood.
Botanical Styling,Seasonal blooms and custom florals to complement your table and theme.
Curated Event Furnishings,Elegant rentals that bring refinement and cohesion to your dining space.
Holistic Event Design,Every detail—from flow to lighting—thoughtfully orchestrated for impact.
Signature Beverage Program,"Unique zero-proof elixirs and mixers, crafted by chefs and ready to pair."
Curated Musical Atmosphere,Live music and soundscapes designed to match your gathering’s soul and rhythm.
Expert Wine Curation,"Thoughtful wine pairings from local and global vineyards, curated by sommeliers."
Meal Delivery – Special Event,"Wholesome meals, freshly made and delivered for your next celebration."
